,timestamp,x,y,w,h,velocity_km_per_h,scale_factor,id,label,fps,sampling_period,obb_flag,conf,frame_ix,dir_vect,x_m,y_m,w_m,h_m,dir_vect_m
0,1970-01-01 00:00:02.301150575,1298.2211302712922,1536.490845842062,46.68355971116286,102.06765042818509,46.469533722847544,0.03748398812523024,2,car,19.99,0 days 00:00:00.050025013,False,0.737609326839447,45,"[-14.830988645553589, -7.935165643692017]",48.66250543101209,57.59380462006882,1.7498859978567054,3.825902596620241,[   -0.55592    -0.29744]
1,1970-01-01 00:00:02.351175588,1290.114657832056,1531.356298926372,46.68355971116286,102.06765042818509,45.87860160726418,0.03661079333424214,2,car,19.99,0 days 00:00:00.050025013,False,0.7877899408340454,46,"[-15.091763178507486, -7.978241178724501]",47.23212111536591,56.06416898108333,1.709122156692136,3.736777655937955,[   -0.55252    -0.29209]
2,1970-01-01 00:00:02.401200601,1290.114657628345,1531.3562988220526,46.68355971116286,102.06765042818509,45.87860158256328,0.03661079330970954,2,car,19.99,0 days 00:00:00.050025013,False,0.8036342859268188,47,"[-15.091763183826998, -7.9782411798019925]",47.232121076258025,56.06416893969597,1.709122155546867,3.7367776534339705,[   -0.55252    -0.29209]
3,1970-01-01 00:00:02.451225614,1279.9240109247019,1526.1377237831132,46.683559716144416,102.06765042837813,44.64293848957945,0.03538354979730198,2,car,19.99,0 days 00:00:00.050025013,False,0.6598641872406006,48,"[-15.357871823825848, -8.032142735714997]",45.288254977316676,54.00017014702088,1.6518300599315168,3.6115157916261285,[   -0.54342    -0.28421]
4,1970-01-01 00:00:02.501250627,1269.6205772437227,1520.599625576634,46.93276215491159,102.07730756375122,42.981592602350496,0.033915246495519566,2,car,19.99,0 days 00:00:00.050025013,False,0.7108233571052551,49,"[-15.622172279109241, -8.091542938429212]",43.05949483300469,51.5715111224263,1.5917361971994186,3.4619770476235865,[   -0.52983    -0.27443]
5,1970-01-01 00:00:02.551275640,1260.0664668100505,1516.2811033845478,47.15576215885413,102.0492848889735,41.32053047628275,0.03252329319639446,2,car,19.99,0 days 00:00:00.050025013,False,0.7863065004348755,50,"[-15.876175572580333, -8.113813399802318]",40.98151114700812,49.31445489352814,1.5336606785918558,3.318978812926472,[   -0.51635    -0.26389]
6,1970-01-01 00:00:02.601300653,1250.6791662538647,1510.5451354397933,70.8858867119433,153.37643189573026,38.94345058476592,0.03084543457837888,2,car,19.99,0 days 00:00:00.050025013,False,0.6828348636627197,51,"[-16.127292192899265, -8.102151650648851]",38.577742401225024,46.59342115289661,2.186505981103624,4.730962695904932,[   -0.49745    -0.24991]
7,1970-01-01 00:00:02.651325666,1250.6791657897031,1510.5451351775084,70.0090640436953,151.01486375906245,38.94345047775701,0.030845434496113166,2,car,19.99,0 days 00:00:00.050025013,False,0.3998555541038513,52,"[-16.127292208318224, -8.102151654597082]",38.57774228401975,46.59342102054024,2.159459999093995,4.658119088019615,[   -0.49745    -0.24991]
8,1970-01-01 00:00:02.701350679,1242.9392685390233,1506.1715346643823,69.33685631845363,149.04709861810986,37.1590763746342,0.02947365324548853,2,car,19.99,0 days 00:00:00.050025013,False,0.5521074533462524,53,"[-16.38440341877384, -8.167988418257455]",36.63396100612032,44.39237754092331,2.0436104602623626,4.392962501916303,[   -0.48291    -0.24074]
9,1970-01-01 00:00:02.751375692,1225.6718012144463,1497.7736524078898,75.79989534775673,161.28453979096494,34.883148299760784,0.027106091283396305,2,car,19.99,0 days 00:00:00.050025013,False,0.5521074533462524,54,"[-16.77295210750004, -8.152038935830488]",33.22317172720355,40.59878934403415,2.054638882568181,4.3717934581744595,[   -0.45465    -0.22097]
10,1970-01-01 00:00:02.801400705,1208.4043330600987,1489.3757697178717,82.26293475783022,173.5219814849605,32.60722023302338,0.02473852933445581,2,car,19.99,0 days 00:00:00.050025013,False,0.5546044707298279,55,"[-17.161500805441484, -8.136089440743763]",29.89414604129076,36.84496616919327,2.035064024645007,4.292678629138593,[   -0.42455    -0.20127]
11,1970-01-01 00:00:02.851425718,1182.835007990914,1476.640463244692,92.5355821522395,190.97343376891652,30.41269294713448,0.02250255056189626,2,car,19.99,0 days 00:00:00.050025013,False,0.40615493059158325,56,"[-17.64224802741426, -7.9934790612232725]",26.616804573696506,33.228176685905595,2.082286616155274,4.29738934936399,[     -0.397    -0.17987]
12,1970-01-01 00:00:02.901450731,1154.9746782056102,1470.9098160158876,99.90816536996363,202.68153278825588,28.55060912451027,0.020883213250898532,2,car,19.99,0 days 00:00:00.050025013,False,0.4390794634819031,57,"[-18.113714439551675, -7.82096309705769]",24.119582504355666,30.717323360699705,2.0864035229269864,4.232641671236131,[   -0.37827    -0.16333]
13,1970-01-01 00:00:02.951475744,1128.2776126140827,1458.4472147172905,104.84988425212009,210.873249660926,27.556089181330346,0.020125988551842076,2,car,19.99,0 days 00:00:00.050025013,False,0.3211624026298523,58,"[-18.514053721268354, -7.607770978858136]",22.70770231477074,29.352691946866152,2.110207570120136,4.244032608565533,[   -0.37261    -0.15311]
14,1970-01-01 00:00:03.001500757,1103.9321591662194,1452.62604396782,105.1958004269841,206.31839174037464,27.735343829483345,0.02006317709398676,2,car,19.99,0 days 00:00:00.050025013,False,0.3211624026298523,59,"[-18.76210384991006, -7.377327973955199]",22.14838640909904,29.14429357146377,2.1105619735102703,4.1394024312336715,[   -0.37643    -0.14801]
15,1970-01-01 00:00:03.051525770,1079.586705718356,1446.8048732183495,105.54171660184814,201.7635338198233,27.914598477636343,0.020000365636131445,2,car,19.99,0 days 00:00:00.050025013,False,0.3211624026298523,60,"[-19.010153978551763, -7.146884969052263]",21.592128850273756,28.93662646850379,2.1108729219019273,4.035344448434438,[   -0.38021    -0.14294]
16,1970-01-01 00:00:03.101550783,1055.2412522704926,1440.983702468879,105.88763277671215,197.20867589927192,28.093853125789337,0.01993755417827613,2,car,19.99,0 days 00:00:00.050025013,False,0.3211624026298523,61,"[-19.258204107193464, -6.916441964149327]",21.038929638294896,28.729690637986206,2.1111404152951057,3.931858660167832,[   -0.38396     -0.1379]
17,1970-01-01 00:00:03.151575796,1030.8957982717523,1435.1625320320977,106.23354922466822,192.6538187058532,28.273107677750268,0.019874742695852723,2,car,19.99,0 days 00:00:00.050025013,False,0.5156118273735046,62,"[-19.506254220696324, -6.685998938487853]",20.48878873688677,28.523486050866435,2.1113644565074856,3.8289450761522907,[   -0.38768    -0.13288]
18,1970-01-01 00:00:03.201600809,1003.1056416753967,1431.296646717674,108.28714589858228,192.6458156063186,27.850861133602535,0.019658303864239692,2,car,19.99,0 days 00:00:00.050025013,False,0.7803927659988403,63,"[-19.65963920636838, -6.325750157584942]",19.719355511988088,28.136864401043365,2.1287416186655874,3.7870899813633,[   -0.38648    -0.12435]
19,1970-01-01 00:00:03.251625822,975.3472746422237,1428.42860452397,118.00165248770472,205.22533334294167,27.371500713921755,0.019527170007451505,2,car,19.99,0 days 00:00:00.050025013,True,0.612350583076477,64,"[-19.697400248744096, -5.913555622233718]",19.045772048243197,27.893168204046276,2.3042383292876227,4.007469974023528,[   -0.38463    -0.11548]
20,1970-01-01 00:00:03.301650835,946.8635250734817,1424.4404652908827,109.69717722666839,193.73885199678108,27.858522055187994,0.01973527088228899,2,car,19.99,0 days 00:00:00.050025013,False,0.7298820614814758,65,"[-19.67916757141252, -5.472557496269722]",18.686608155884194,28.11171843820934,2.1649035075907634,3.82348872458017,[   -0.38837      -0.108]
21,1970-01-01 00:00:03.351675848,920.3322374341212,1418.857885820249,113.05092143277948,193.54682084166342,28.17529170449201,0.01997410730756948,2,car,19.99,0 days 00:00:00.050025013,False,0.4524227976799011,66,"[-19.59342811534812, -5.031462185748079]",18.38281486912465,28.340419665564824,2.2580912359179437,3.8659249685303108,[   -0.39136     -0.1005]
22,1970-01-01 00:00:03.401700861,909.0622955901825,1418.7569086777346,106.91204905880242,180.90624055876106,27.923997190156104,0.019928209433518886,2,car,19.99,0 days 00:00:00.050025013,False,0.5942978858947754,67,"[-19.495528709527964, -4.7987270602833245]",18.11598381463661,28.273284811381725,2.1305657046104605,3.605137449685539,[   -0.38851    -0.09563]
23,1970-01-01 00:00:03.451725874,898.0363309267466,1418.8742490540374,110.98857246699372,183.96297281913564,27.48609918277872,0.019841463450441445,2,car,19.99,0 days 00:00:00.050025013,True,0.6731400489807129,68,"[-19.381292721555898, -4.577713374389172]",17.81835503725158,28.152541553378235,2.2021757040205276,3.6500946014254327,[   -0.38455   -0.090829]
24,1970-01-01 00:00:03.501750887,887.439952335543,1418.7780925778545,120.51483530809048,194.1700704604752,26.924924605333505,0.01974613637786852,2,car,19.99,0 days 00:00:00.050025013,True,0.5934150815010071,69,"[-19.243490557973892, -4.3638622978036645]",17.52351032598677,28.01538570597448,2.379702373549919,3.8341086918128826,[   -0.37998   -0.086169]
25,1970-01-01 00:00:03.551775900,865.5667351964045,1418.9102044749375,126.27161074725267,202.66398823164727,25.987587830193046,0.019607838817080486,2,car,19.99,0 days 00:00:00.050025013,True,0.6546285152435303,70,"[-19.065851542388636, -3.9906106231181]",16.971893029157684,27.82176258525529,2.475913390705258,3.973802815272836,[   -0.37384   -0.078247]
26,1970-01-01 00:00:03.601800913,846.3377512717802,1415.986099378532,120.53645770110198,194.83583203369605,25.772756296540642,0.019805205802830766,2,car,19.99,0 days 00:00:00.050025013,True,0.5457406640052795,71,"[-18.854792078116134, -3.592040452496131]",16.761893342642605,28.043896112139404,2.38724935151453,3.8587637511931177,[   -0.37342   -0.071141]
27,1970-01-01 00:00:03.651825926,827.189427510968,1412.2144780580754,119.24150908620734,195.23304989463404,26.135085521285653,0.020285974986255582,2,car,19.99,0 days 00:00:00.050025013,True,0.5724417567253113,72,"[-18.578709718897912, -3.198819674215307]",16.780344035382573,28.648147577114102,2.41893027064617,3.960492766652934,[   -0.37689   -0.064891]
28,1970-01-01 00:00:03.701850939,807.2980251301965,1413.8336184193206,119.24150908620734,195.23304989463404,25.509454180425923,0.020331657654621,2,car,19.99,0 days 00:00:00.050025013,False,0.5900349617004395,73,"[-18.293209612433323, -2.805697021420246]",16.413707072198775,28.745581110295685,2.4243775409611468,3.9694115333252395,[   -0.37193   -0.057044]
29,1970-01-01 00:00:03.751875952,788.1135725660562,1414.3946539439914,119.24150908620734,195.23304989463404,24.19817148301332,0.020203074832633918,2,car,19.99,0 days 00:00:00.050025013,True,0.6051778197288513,74,"[-17.938470481489436, -2.399385574187752]",15.922317483166495,28.575121036507813,2.409045131224844,3.944307916824643,[   -0.36241   -0.048475]
30,1970-01-01 00:00:03.801900965,768.0253064119373,1416.2721348223843,119.24150594668734,195.2330462845384,22.448427757173416,0.019793106789512547,2,car,19.99,0 days 00:00:00.050025013,True,0.6095770597457886,75,"[-17.564528163059688, -1.9689026092897026]",15.20160690685957,28.032425607550362,2.360159860945078,3.8642685339517144,[   -0.34766   -0.038971]
31,1970-01-01 00:00:03.851925978,758.9105696734061,1413.962547385205,108.77120973093757,183.19338233450077,21.9981730653535,0.019797955967280956,2,car,19.99,0 days 00:00:00.050025013,True,0.5901456475257874,76,"[-17.404787694622552, -1.7354701283145857]",15.024878041498201,27.9935682525167,2.153447620760984,3.626854516955711,[   -0.34458   -0.034359]
32,1970-01-01 00:00:03.901950991,742.2236343044407,1406.8841622913026,117.29971441181333,198.08081955719808,21.43330650883053,0.019920957844639722,2,car,19.99,0 days 00:00:00.050025013,True,0.6141086220741272,77,"[-17.010285109589375, -1.3075210976518001]",14.785805730274053,28.026480089296307,2.3367226659860116,3.9459596562306305,[   -0.33886   -0.026047]
33,1970-01-01 00:00:03.951976004,733.5695820102343,1404.892180647644,124.70016701008075,204.1022213090989,21.219664364734147,0.019854124500082438,2,car,19.99,0 days 00:00:00.050025013,False,0.6128594279289246,78,"[-16.81157862643006, -1.0854633751890022]",14.564381810704626,27.89290426377063,2.475812640999216,4.052270912614228,[   -0.33378   -0.021551]
34,1970-01-01 00:00:04.002001017,725.2432273678558,1402.7330175214204,127.47751701859563,208.33658166088037,21.195284594115396,0.01978949405894354,2,car,19.99,0 days 00:00:00.050025013,True,0.5949376821517944,79,"[-16.65268439458006, -0.8643177812354256]",14.35219653928522,27.75937671652409,2.522715565688372,4.122875545038598,[   -0.32955   -0.017104]
35,1970-01-01 00:00:04.052026030,717.2502239148142,1401.079684794841,129.96192930542995,210.87962926483817,21.226541112501227,0.01970500534613601,2,car,19.99,0 days 00:00:00.050025013,True,0.5952083468437195,80,"[-16.489162996809323, -0.6640911233734804]",14.133419496758664,27.608282679244894,2.560900511757647,4.155384222054816,[   -0.32492   -0.013086]
36,1970-01-01 00:00:04.102051043,707.009640932088,1403.7153967114662,120.29357362669565,202.44142982096835,21.06488542778342,0.01927606335639705,2,car,19.99,0 days 00:00:00.050025013,True,0.3994279205799103,81,"[-16.32689745050223, -0.46359360950960365]",13.628362632190457,27.058106921360242,2.318786546595599,3.9022738271885933,[   -0.31472  -0.0089363]
37,1970-01-01 00:00:04.152076056,699.5859349683907,1402.1787535781934,131.12370962019622,215.6759288859415,20.933637773284694,0.019133902862446876,2,car,19.99,0 days 00:00:00.050025013,True,0.5605642199516296,82,"[-16.105359848065856, -0.2922256081416809]",13.385809323619265,26.829152066751988,2.5089083228365254,4.126722273071604,[   -0.30816  -0.0055914]
38,1970-01-01 00:00:04.202101069,692.827533847548,1399.7877487799897,129.72439409983735,210.394979079177,20.753676881074014,0.019045599825006518,2,car,19.99,0 days 00:00:00.050025013,True,0.5605642199516296,83,"[-15.891090873920966, -0.11436617419649883]",13.195315957406558,26.65979730321044,2.470678897566939,4.0070985767326235,[   -0.30266  -0.0021782]
39,1970-01-01 00:00:21.310655328,721.1134643554688,1390.993637084961,53.42871747698103,98.68545586722237,26.84363356018054,0.020499647389291237,15,motorcyclist,19.99,0 days 00:00:00.050025013,False,0.5544963479042053,425,"[15.091597437858582, 13.494997501373291]",14.782571746957345,28.51487908098944,1.0952698687401732,2.0230170477295206,[    0.30937     0.27664]
40,1970-01-01 00:00:21.360680341,729.8141481062419,1398.5012886320217,53.520144653320315,99.19502207438151,26.742966498277315,0.020205983328383522,15,motorcyclist,19.99,0 days 00:00:00.050025013,False,0.5653819441795349,426,"[15.45674377818718, 13.938852954231738]",14.746612509453145,28.258093722821503,1.0814271505976647,2.004332962293588,[    0.31232     0.28165]
41,1970-01-01 00:00:21.410705354,737.6692323520763,1404.1069093531623,53.520144653320315,99.19502207438151,27.031173055354795,0.020006332796697845,15,motorcyclist,19.99,0 days 00:00:00.050025013,False,0.4810750186443329,427,"[15.857527643789904, 14.352469641742932]",14.758056156320267,28.09103011066222,1.0707418252617351,1.9845286233958654,[    0.31725     0.28714]
42,1970-01-01 00:00:21.460730367,746.3906919281113,1412.784990113375,53.520144653320315,99.19502207438151,27.136193354822392,0.019657071746331498,15,motorcyclist,19.99,0 days 00:00:00.050025013,False,0.6842961311340332,428,"[16.17309615250301, 14.68929639120907]",14.671855382024894,27.771215912798848,1.0520493233243575,1.949883665795054,[    0.31792     0.28875]
43,1970-01-01 00:00:21.510755380,755.0026096148426,1420.8613284414355,53.520144653320315,99.19502207438151,27.416699952730806,0.01935335334944523,15,motorcyclist,19.99,0 days 00:00:00.050025013,False,0.6647968888282776,429,"[16.570537029228472, 15.079181848910485]",14.611832283629305,27.498431349889255,1.03579427078913,1.919756312711525,[     0.3207     0.29183]
44,1970-01-01 00:00:21.560780393,764.0549603691493,1428.776170488097,53.52014467078738,99.19502214225508,27.92835688395196,0.019108456214220144,15,motorcyclist,19.99,0 days 00:00:00.050025013,False,0.46921882033348083,430,"[17.030762552033046, 15.54997197479508]",14.599910755471598,27.301706893692938,1.0226873410204682,1.895463737273879,[    0.32543     0.29714]
45,1970-01-01 00:00:21.610805406,773.3671531923584,1436.9652976707835,53.811408042907715,100.3268141746521,28.32832873527469,0.0188830835326375,15,motorcyclist,19.99,0 days 00:00:00.050025013,False,0.6817644238471985,431,"[17.469779653080387, 16.00839944753694]",14.603556555129364,27.134335749418714,1.0161253130830676,1.8944796126233554,[    0.32988     0.30229]
46,1970-01-01 00:00:21.660830419,782.8650763070565,1445.582365479883,53.81140805513124,100.32681425609996,28.654336482349557,0.0186814534225174,15,motorcyclist,19.99,0 days 00:00:00.050025013,False,0.5404350757598877,432,"[17.893602211327266, 16.493888633200736]",14.625057459145806,27.00557962912496,1.0052753131820118,1.8742507075548862,[    0.33428     0.30813]
47,1970-01-01 00:00:21.710855432,790.6622582456299,1452.7237990505034,53.964278517631485,101.34542181760645,28.960998338954088,0.018536000238455135,15,motorcyclist,19.99,0 days 00:00:00.050025013,False,0.7058876156806946,433,"[18.279373950248853, 16.900759798189075]",14.65571580737847,26.92768868560958,1.0002818794708765,1.8785387629774895,[    0.33883     0.31327]
48,1970-01-01 00:00:21.760880445,798.6961912995752,1459.8667563607896,54.164486991034615,102.37879180908203,29.24420769054497,0.018399041512348807,15,motorcyclist,19.99,0 days 00:00:00.050025013,False,0.6627832651138306,434,"[18.67942403137353, 17.314829722076734]",14.695244379475767,26.86014905278017,0.9965746446431228,1.8836716404794163,[    0.34368     0.31858]
49,1970-01-01 00:00:21.810905458,807.0236316679078,1467.8897204750392,54.164486991034615,102.37879180908203,29.577002461388684,0.018282184129499262,15,motorcyclist,19.99,0 days 00:00:00.050025013,False,0.3193050026893616,435,"[19.068849840434254, 17.739450814652024]",14.754154631009882,26.83623015152387,0.9902451244499623,1.8717079228093085,[    0.34862     0.32432]
50,1970-01-01 00:00:21.860930471,815.9272162233709,1476.1924416652919,54.164487071066425,102.37879203348844,29.949288652253905,0.018187045462734277,15,motorcyclist,19.99,0 days 00:00:00.050025013,False,0.5710771083831787,436,"[19.453212488014476, 18.1601478661256]",14.839305375736668,26.84757904831138,0.985091988827168,1.861967745132872,[     0.3538     0.33028]
51,1970-01-01 00:00:21.910955484,844.4541805221573,1504.2588566362929,54.831752375552526,104.249780755294,30.296198430618368,0.018014852355731126,15,motorcyclist,19.99,0 days 00:00:00.050025013,False,0.7381300330162048,437,"[20.260016056443614, 18.37524808697779]",15.212717383286584,27.099001207103733,0.9877859234515882,1.8780444084239616,[    0.36498     0.33103]
52,1970-01-01 00:00:21.960980497,855.1140919631423,1512.5128711716286,54.8317523966667,104.2497808411365,30.782619893165176,0.01798680235094012,15,motorcyclist,19.99,0 days 00:00:00.050025013,False,0.6596702933311462,438,"[20.665107823474695, 18.750084293587317]",15.380768159644674,27.20527006701704,0.9862478929145312,1.8751202031183463,[     0.3717     0.33725]
53,1970-01-01 00:00:22.011005510,891.196988684526,1547.9641030560388,54.98264336134759,104.86324828672329,29.138650006712044,0.01769750597777059,15,motorcyclist,19.99,0 days 00:00:00.050025013,False,0.6678770780563354,439,"[19.991121231442197, 18.669885215139775]",15.771964034615547,27.395103967208534,0.9730556595610774,1.855817963402727,[    0.35379     0.33041]
54,1970-01-01 00:00:22.061030523,918.5052483985835,1576.0849137038495,55.1397116033812,105.55954596788052,28.136648512212258,0.017526550671262357,15,motorcyclist,19.99,0 days 00:00:00.050025013,False,0.6678770780563354,440,"[19.55753255622996, 18.392843279556974]",16.09822877787819,27.623332102242674,0.9664089494154535,1.850094731241506,[    0.34278     0.32236]
55,1970-01-01 00:00:22.111055536,945.8135081126409,1604.2057243516601,55.29677984541482,106.25584364903776,27.13464701771247,0.017355595364754128,15,motorcyclist,19.99,0 days 00:00:00.050025013,False,0.6678770780563354,441,"[19.123943881017723, 18.115801343974177]",16.41515653732159,27.84194543366971,0.9597085359709109,1.844133427513279,[    0.33191     0.31441]
56,1970-01-01 00:00:22.161080549,973.1217678266983,1632.3265349994708,55.45384808744843,106.95214133019498,26.132645523212684,0.017184640058245895,15,motorcyclist,19.99,0 days 00:00:00.050025013,False,0.6678770780563354,442,"[18.69035520580549, 17.83875940839138]",16.722747312945742,28.050943961489626,0.9529544192274487,1.837934052218045,[    0.32119     0.30655]
57,1970-01-01 00:00:22.211105562,1000.4300275407558,1660.4473456472815,55.61091632948204,107.64843901135221,25.130644028712897,0.017013684751737666,15,motorcyclist,19.99,0 days 00:00:00.050025013,False,0.6678770780563354,443,"[18.256766530593254, 17.561717472808578]",17.02100110475065,28.250327685702437,0.9461465991850677,1.8314966053558053,[    0.31061     0.29879]
58,1970-01-01 00:00:22.261130567,1047.8784354073662,1611.2781459263392,52.038373129708425,106.58863612583706,28.37699718024544,0.015573429503200033,16,cyclist,19.99,0 days 00:00:00.050025013,False,0.6097376942634583,444,"[28.655164173671178, 28.082686560494558]",16.319060941740165,25.093126615630702,0.8104159353967331,1.6599506105479638,[    0.44626     0.43734]
59,1970-01-01 00:00:22.311155580,1047.8784356733638,1611.278146181437,52.038373129708425,106.58863612583706,28.37699718790055,0.015573429505358087,16,cyclist,19.99,0 days 00:00:00.050025013,False,0.6096737384796143,445,"[28.655164177751207, 28.08268657124975]",16.31906094814404,25.09312662308067,0.8104159355090347,1.6599506107779878,[    0.44626     0.43734]
60,1970-01-01 00:00:22.361180601,1085.4118379352883,1750.5597757585454,56.20422334383564,110.17438460675227,21.447040927877648,0.016938859197794347,15,motorcyclist,19.99,0 days 00:00:00.050025013,False,0.6209902167320251,446,"[15.806354558620852, 15.565063433332655]",18.385638294405027,29.652485558896448,0.9520354255426181,1.8662283880574178,[    0.26774     0.26365]
61,1970-01-01 00:00:22.411205614,1127.8057861328125,1796.6443786621094,56.46714485160978,111.21823760737837,19.067926549601516,0.016825493354794812,15,motorcyclist,19.99,0 days 00:00:00.050025013,False,0.6732518672943115,447,"[13.801164269447327, 13.63364553451538]",18.975888760076774,30.229428054108777,0.9500875704649965,1.8713017177949351,[    0.23221     0.22939]
62,1970-01-01 00:00:22.411205606,1061.184969906375,1624.0394116974842,52.038373129708425,106.58863612583706,28.759944114056868,0.015681386184431968,16,cyclist,19.99,0 days 00:00:00.050025013,False,0.6096737384796143,447,"[28.859267589769104, 28.62071520463477]",16.640851326216684,25.46718919356595,0.8160338254565255,1.6714575659611475,[    0.45255     0.44881]
63,1970-01-01 00:00:22.461230627,1127.8057861328125,1796.6443786621094,56.8137688854795,112.59479344092044,19.067926549601516,0.016825493354794812,15,motorcyclist,19.99,0 days 00:00:00.050025013,False,0.6732518672943115,448,"[13.801164269447327, 13.63364553451538]",18.975888760076774,30.229428054108777,0.9559196908434835,1.8944629488247013,[    0.23221     0.22939]
64,1970-01-01 00:00:22.461230619,1067.8382383543533,1630.420045759975,52.038373129708425,106.58863612583706,28.951417755956392,0.015735364576222658,16,cyclist,19.99,0 days 00:00:00.050025013,False,0.577939510345459,448,"[28.961319302328146, 28.88972956311947]",16.8028239889371,25.655253832414836,0.818842773149471,1.677211049122383,[    0.45572     0.45459]
65,1970-01-01 00:00:22.511255640,1127.8057861328125,1796.6443786621094,57.16039291934921,113.97134927446251,19.067926549601516,0.016825493354794812,15,motorcyclist,19.99,0 days 00:00:00.050025013,False,0.6732518672943115,449,"[13.801164269447327, 13.63364553451538]",18.975888760076774,30.229428054108777,0.9617518112219706,1.9176241798544675,[    0.23221     0.22939]
66,1970-01-01 00:00:24.712356178,1311.0294189453125,1477.1326293945312,28.4343136378697,68.41450827462333,35.771457427947134,0.02786663636163629,18,cyclist,19.99,0 days 00:00:00.050025013,False,0.5701770782470703,493,"[-16.826607704162598, -21.08567523956299]",36.53398007715634,41.16271784124507,0.7923686783392304,1.9064822239490853,[    -0.4689    -0.58759]
67,1970-01-01 00:00:24.762381191,1265.99462890625,1418.4300944010417,27.957661867141724,67.08369636535645,32.77755411292932,0.02533673707215927,18,cyclist,19.99,0 days 00:00:00.050025013,False,0.659939169883728,494,"[-18.460641225179035, -20.606106440226238]",32.076173047363504,35.938390357077246,0.7083559278801033,1.6996819766376028,[   -0.46773    -0.52209]
68,1970-01-01 00:00:24.812406204,1244.884402442664,1396.6787281276534,27.714740954757758,66.19447485498392,32.70727274259377,0.025552081539284524,18,cyclist,19.99,0 days 00:00:00.050025013,False,0.659939169883728,495,"[-18.78498959911819, -20.1488941855656]",31.80938775819844,35.688048745302,0.7081693207161185,1.6914066189446684,[      -0.48    -0.51485]
69,1970-01-01 00:00:24.862431216,1205.3242710658483,1441.348109654018,35.68243299211775,83.74396405901227,42.64882306895966,0.024229332556957965,19,motorcyclist,19.99,0 days 00:00:00.050025013,False,0.7690249085426331,496,"[-18.229472296578543, -18.914403097970144]",29.204202602627387,34.922902679149914,0.8645615354073896,2.0290603548237436,[   -0.44169    -0.45828]
70,1970-01-01 00:00:24.912456230,1202.6639495154918,1353.1759955808766,27.22889912998983,64.41603183423886,32.566710001922665,0.025982770473535033,18,cyclist,19.99,0 days 00:00:00.050025013,False,0.659939169883728,497,"[-19.433686346996506, -19.234469676244323]",31.248541357056148,35.15926130347517,0.7074822363415635,1.6737069699649543,[   -0.50494    -0.49976]
71,1970-01-01 00:00:24.962481242,1205.3242710658483,1441.348109654018,35.68243299211775,83.74396405901227,42.64882306895966,0.024229332556957965,19,motorcyclist,19.99,0 days 00:00:00.050025013,False,0.7458860278129578,498,"[-18.229472296578543, -18.914403097970144]",29.204202602627387,34.922902679149914,0.8645615354073896,2.0290603548237436,[   -0.44169    -0.45828]
72,1970-01-01 00:00:25.012506255,1205.3242710658483,1441.348109654018,35.68243299211775,83.74396405901227,42.64882306895966,0.024229332556957965,19,motorcyclist,19.99,0 days 00:00:00.050025013,False,0.7689045667648315,499,"[-18.229472296578543, -18.914403097970144]",29.204202602627387,34.922902679149914,0.8645615354073896,2.0290603548237436,[   -0.44169    -0.45828]
73,1970-01-01 00:00:25.012506256,1160.4434965883195,1309.6732630341,26.743057305221903,62.637588813493814,32.426147261251565,0.02641345940778554,18,cyclist,19.99,0 days 00:00:00.050025013,False,0.659939169883728,499,"[-20.08238309487482, -18.320045166923045]",30.651327192164295,34.59300157061324,0.7063766585715613,1.6544754095267806,[   -0.53045     -0.4839]
74,1970-01-01 00:00:25.062531268,1205.3242710658483,1441.348109654018,35.68243299211775,83.74396405901227,42.64882306895966,0.024229332556957965,19,motorcyclist,19.99,0 days 00:00:00.050025013,False,0.7496115565299988,500,"[-18.229472296578543, -18.914403097970144]",29.204202602627387,34.922902679149914,0.8645615354073896,2.0290603548237436,[   -0.44169    -0.45828]
75,1970-01-01 00:00:25.062531269,1139.3332701247334,1287.9218967607117,26.500136392837938,61.748367303121285,32.355865890916014,0.026628803874910796,18,cyclist,19.99,0 days 00:00:00.050025013,False,0.659939169883728,500,"[-20.406731468813977, -17.86283291226241]",30.33908219831229,34.2958195950441,0.7056669346632675,1.644285162510771,[   -0.54341    -0.47567]
76,1970-01-01 00:00:25.112556281,1205.3242710658483,1441.348109654018,35.68243299211775,83.74396405901227,42.64882306895966,0.024229332556957965,19,motorcyclist,19.99,0 days 00:00:00.050025013,False,0.7496115565299988,501,"[-18.229472296578543, -18.914403097970144]",29.204202602627387,34.922902679149914,0.8645615354073896,2.0290603548237436,[   -0.44169    -0.45828]
77,1970-01-01 00:00:25.112556282,1118.223043388335,1266.170530440344,26.25721549079007,60.85914581498259,32.28558450091096,0.026844148346816452,18,cyclist,19.99,0 days 00:00:00.050025013,False,0.6998639702796936,501,"[-20.731079823966265, -17.40562063851055]",30.017745261545038,33.989269551507874,0.7048525878090957,1.6337119385179264,[   -0.55651    -0.46724]
78,1970-01-01 00:00:25.162581295,1093.7009573176347,1243.8316291211465,26.143560399322055,60.2479862186952,31.96931133972363,0.02711927770078328,18,cyclist,19.99,0 days 00:00:00.050025013,False,0.6998639702796936,502,"[-20.820474884339376, -16.70964871212368]",29.660379983109454,33.73181536315405,0.7089944745564154,1.6338818691777592,[   -0.56464    -0.45315]
79,1970-01-01 00:00:25.212606308,1069.178872565444,1221.4927291919205,26.02990531059546,59.63682662909883,31.653038144026382,0.027394407046585113,18,cyclist,19.99,0 days 00:00:00.050025013,False,0.6679553389549255,503,"[-20.909869896966246, -16.013676797933122]",29.289521240666726,33.462069027927626,0.7130738214625195,1.6337155036441597,[   -0.57281    -0.43869]
80,1970-01-01 00:00:25.262631321,1057.8484791824674,1213.0604971595242,25.943678114149307,59.092610677083336,30.991493088498107,0.02758784562788606,18,cyclist,19.99,0 days 00:00:00.050025013,False,0.7566335201263428,504,"[-20.521563653378863, -15.439728956070306]",29.18376054137995,33.465725732923666,0.7157301868327172,1.6302378211081465,[   -0.56615    -0.42595]
81,1970-01-01 00:00:25.312656334,1047.421845920266,1204.1825497812451,25.943678100069032,59.09261060030071,30.052465743210604,0.02784336503989774,18,cyclist,19.99,0 days 00:00:00.050025013,False,0.7428127527236938,505,"[-19.847984295595413, -14.770299957956142]",29.16374880672149,33.52849430823404,0.7223592998178228,1.6453371281047033,[   -0.55263    -0.41125]
82,1970-01-01 00:00:25.362681347,1036.2789294829493,1197.3253876472393,25.82628374721814,58.452435121811064,29.976793120070475,0.028106464654834473,18,cyclist,19.99,0 days 00:00:00.050025013,False,0.6857733726501465,506,"[-19.69482912579227, -14.434794304982708]",29.126137104062217,33.65258368824311,0.7258855313069127,1.6428913017401878,[   -0.55355    -0.40571]
83,1970-01-01 00:00:25.412706360,1026.431395053216,1189.4609929147473,25.334116211586377,56.60919665216996,29.893444565981838,0.028421015570526086,18,cyclist,19.99,0 days 00:00:00.050025013,False,0.7369191646575928,507,"[-19.525786011000722, -14.088714702530943]",29.172222660884263,33.80568940016345,0.7200213113150138,1.6088908594862956,[   -0.55494    -0.40042]
84,1970-01-01 00:00:25.462731373,1016.2037148148191,1182.8477064365106,24.822220346983723,54.73897747902954,29.82422450623486,0.028688899663618376,18,cyclist,19.99,0 days 00:00:00.050025013,False,0.7931265830993652,508,"[-19.368258830617485, -13.775718445507476]",29.15376641211861,33.934599167298174,0.7121221889628425,1.5704010325849445,[   -0.55565    -0.39521]
85,1970-01-01 00:00:25.512756386,994.063165514481,1167.6305445556472,24.79661512374878,54.35587024688721,29.247093785074437,0.029188079679651747,18,cyclist,19.99,0 days 00:00:00.050025013,False,0.7515056729316711,509,"[-18.979797467376663, -13.009491257275586]",29.014794881643514,34.08089337088539,0.723765578017637,1.5865434718229554,[   -0.55398    -0.37972]
86,1970-01-01 00:00:25.562781399,984.6047875099389,1161.8510079137673,24.79661512374878,54.35587024688721,28.90455706955542,0.029391008649604946,18,cyclist,19.99,0 days 00:00:00.050025013,False,0.7443984150886536,510,"[-18.778798387694906, -12.696089172803733]",28.938527826147055,34.14797302314576,0.7287975295830252,1.597573852583066,[   -0.55193    -0.37315]
87,1970-01-01 00:00:25.612806412,973.8786626715504,1154.3421517222405,24.79661512374878,54.35587024688721,28.633504731297705,0.029712291223129933,18,cyclist,19.99,0 days 00:00:00.050025013,False,0.7786099910736084,511,"[-18.569136956888453, -12.301280242258393]",28.936166441289423,34.29815018310565,0.7367642499046918,1.6150374464621762,[   -0.55173     -0.3655]
88,1970-01-01 00:00:25.662831425,952.7710055095165,1139.6437527619307,24.79661512374878,54.35587024688721,29.545960871811488,0.03087912141300618,18,cyclist,19.99,0 days 00:00:00.050025013,False,0.7504956126213074,512,"[-18.172288604486116, -11.634240831656262]",29.42073155792034,35.19119780910965,0.7656976890378239,1.6784615168632402,[   -0.56114    -0.35926]
89,1970-01-01 00:00:25.712856438,932.4097381139745,1125.9165884399117,24.79661512374878,54.35587024688721,31.805817728435482,0.032641129963025775,18,cyclist,19.99,0 days 00:00:00.050025013,False,0.7491651773452759,513,"[-17.69533663939211, -10.877025978563841]",30.43490744056907,36.751189690793765,0.8093895368974143,1.7742370249820112,[    -0.5776    -0.35504]
90,1970-01-01 00:00:25.762881451,912.555341902285,1112.6128429980172,24.796615117572077,54.35587007774746,33.15724738031509,0.034439565001418954,18,cyclist,19.99,0 days 00:00:00.050025013,False,0.7573975324630737,514,"[-17.139141716331075, -10.193778539506948]",31.428009014835844,38.317902327843754,0.8539846381567915,1.871992520751267,[   -0.59026    -0.35107]
91,1970-01-01 00:00:25.812906464,893.0182168199451,1101.1742189974245,24.765716187171996,53.5097484104017,34.09168072203337,0.036241358210285034,18,cyclist,19.99,0 days 00:00:00.050025013,False,0.7663185596466064,515,"[-16.560111593498238, -9.465143806062]",32.36419308408162,39.90804932261652,0.8975431916735548,1.9392659598835982,[   -0.60016    -0.34303]
92,1970-01-01 00:00:25.862931477,883.1305660917993,1094.3688291494966,24.838058453290017,53.28936265531548,33.4962169164086,0.03676044405283716,18,cyclist,19.99,0 days 00:00:00.050025013,False,0.7754601836204529,516,"[-16.262619605804005, -9.106467674978997]",32.464271766168,40.22948411711898,0.9130580581532668,1.9589406345020746,[   -0.59782    -0.33476]
93,1970-01-01 00:00:25.912956490,873.1598742168759,1087.0710435641197,24.754427223925354,52.76248557222733,32.5850595807027,0.03706181139058953,18,cyclist,19.99,0 days 00:00:00.050025013,False,0.7441208362579346,517,"[-15.93069571602389, -8.71742218148186]",32.360886572056735,40.28882198474474,0.9174439128551963,1.9554732887765907,[   -0.59042    -0.32308]
94,1970-01-01 00:00:25.962981503,863.6190288863263,1081.4108994645778,24.67791522021567,52.251155185087356,32.11799035222384,0.03732910809919048,18,cyclist,19.99,0 days 00:00:00.050025013,False,0.7441208362579346,518,"[-15.696632302925453, -8.444572738180083]",32.23812808581558,40.36810436575604,0.9212045649180889,1.9504890202117031,[   -0.58594    -0.31523]
95,1970-01-01 00:00:26.013006516,854.0781834630978,1075.7507556909986,24.601403226835103,51.739824814581425,31.650921524629453,0.03759640484120694,18,cyclist,19.99,0 days 00:00:00.050025013,False,0.6345968246459961,519,"[-15.462569018518954, -8.171723368547369]",32.11026915152124,40.44436091919308,0.9249243153778672,1.9452314001421278,[   -0.58134    -0.30723]
96,1970-01-01 00:00:26.063031529,844.1806986386043,1071.3449406839886,24.564638473491286,51.292503476153136,32.72648615306254,0.0379922869231187,18,cyclist,19.99,0 days 00:00:00.050025013,False,0.6381587982177734,520,"[-15.723721922891345, -8.18235800548227]",32.07235531763666,40.70284438009768,0.9332667930475614,1.9487195090710732,[   -0.59738    -0.31087]
97,1970-01-01 00:00:26.113056542,820.6535508961553,1060.2147594903195,24.561109654101497,50.887784120992535,30.713337009506766,0.03802246878017467,18,cyclist,19.99,0 days 00:00:00.050025013,False,0.6912694573402405,521,"[-14.88829282284196, -7.387888016674689]",31.20327401828855,40.31198259300107,0.9338740250295209,1.934879183032707,[   -0.56609    -0.28091]
98,1970-01-01 00:00:26.163081555,796.4440009650673,1049.9257867444649,24.532686625286164,50.45314729616214,28.777617510765054,0.037483988540442346,18,cyclist,19.99,0 days 00:00:00.050025013,False,0.5920194983482361,522,"[-14.060997853813781, -6.662715680088652]",29.853897805278635,39.355406158644435,0.9195829443284897,1.8911851950785916,[   -0.52706    -0.24975]
99,1970-01-01 00:00:26.213106568,786.9038188267083,1045.3262753753409,24.5694762089307,50.15515848635324,27.299211470439563,0.036920171607938757,18,cyclist,19.99,0 days 00:00:00.050025013,False,0.5920194983482361,523,"[-13.671024726047694, -6.307817454474706]",29.05262403002442,38.59362547314503,0.9071092779508899,1.8517370583395274,[   -0.50474    -0.23289]
100,1970-01-01 00:00:26.263131581,777.3636366883493,1040.726764006217,24.60626579257523,49.85716967654432,25.820805430114067,0.03635635467543517,18,cyclist,19.99,0 days 00:00:00.050025013,False,0.5920194983482361,524,"[-13.281051598281605, -5.95291922886076]",28.26210808722775,37.83703135242794,0.8945941263928928,1.8126249438737967,[   -0.48285    -0.21643]
101,1970-01-01 00:00:26.313156594,767.8234545499902,1036.127252637093,24.64305537621976,49.55918086673542,24.342399389788575,0.03579253774293158,18,cyclist,19.99,0 days 00:00:00.050025013,False,0.5920194983482361,525,"[-12.891078470515518, -5.5980210032468145]",27.48234997688863,37.08562379649315,0.8820374896544987,1.7738488516814,[    -0.4614    -0.20037]
102,1970-01-01 00:00:26.363181607,758.2832724116312,1031.5277412679693,24.67984495986429,49.261192056926504,22.86399334946308,0.03522872081042799,18,cyclist,19.99,0 days 00:00:00.050025013,False,0.5920194983482361,526,"[-12.50110534274943, -5.243122777632869]",26.713349699007065,36.33940280534068,0.8694393677357074,1.7354087817623365,[    -0.4404    -0.18471]
103,1970-01-01 00:00:26.413206620,748.7430902732721,1026.9282298988453,24.71663454350882,48.96320324711759,21.385587309137588,0.0346649038779244,18,cyclist,19.99,0 days 00:00:00.050025013,False,0.5920194983482361,527,"[-12.111132214983343, -4.888224552018923]",25.955107253583044,35.59836837897052,0.8567997606365191,1.697304734116607,[   -0.41983    -0.16945]
104,1970-01-01 00:00:26.463231633,739.2029060759348,1022.3287193264534,24.75342413528693,48.66521445141082,19.907181483545138,0.03410108715948717,18,cyclist,19.99,0 days 00:00:00.050025013,False,0.5556706786155701,528,"[-11.721159039220662, -4.533326280988547]",25.20762272864166,34.86252076339828,0.844118673933173,1.659536719642695,[    -0.3997    -0.15459]
105,1970-01-01 00:00:28.864432216,822.2086995442709,1118.7928873697917,36.24505615234375,70.92325210571289,41.925850480455644,0.052257924107202605,28,truck,19.99,0 days 00:00:00.050025013,False,0.7912928462028503,576,"[-9.413718064626059, -5.407779375712077]",42.966919821066256,58.46579379984865,1.8940913936704766,3.7063019259763417,[   -0.49194     -0.2826]
106,1970-01-01 00:00:28.914457229,822.2086995442709,1118.7928873697917,36.24505615234375,70.92325210571289,41.925850480455644,0.052257924107202605,28,truck,19.99,0 days 00:00:00.050025013,False,0.7912928462028503,577,"[-9.413718064626059, -5.407779375712077]",42.966919821066256,58.46579379984865,1.8940913936704766,3.7063019259763417,[   -0.49194     -0.2826]
107,1970-01-01 00:00:28.964482242,822.2086995442709,1118.7928873697917,36.24505615234375,70.92325210571289,41.925850480455644,0.052257924107202605,28,truck,19.99,0 days 00:00:00.050025013,False,0.5916730165481567,578,"[-9.413718064626059, -5.407779375712077]",42.966919821066256,58.46579379984865,1.8940913936704766,3.7063019259763417,[   -0.49194     -0.2826]
108,1970-01-01 00:00:29.014507255,822.2086995442709,1118.7928873697917,36.24505615234375,70.92325210571289,41.925850480455644,0.052257924107202605,28,truck,19.99,0 days 00:00:00.050025013,False,0.7221127152442932,579,"[-9.413718064626059, -5.407779375712077]",42.966919821066256,58.46579379984865,1.8940913936704766,3.7063019259763417,[   -0.49194     -0.2826]
109,1970-01-01 00:00:29.064532268,822.2086995442709,1118.7928873697917,36.24505615234375,70.92325210571289,41.925850480455644,0.052257924107202605,28,truck,19.99,0 days 00:00:00.050025013,False,0.606377124786377,580,"[-9.413718064626059, -5.407779375712077]",42.966919821066256,58.46579379984865,1.8940913936704766,3.7063019259763417,[   -0.49194     -0.2826]
110,1970-01-01 00:00:29.114557281,822.2086995442709,1118.7928873697917,36.24505615234375,70.92325210571289,41.925850480455644,0.052257924107202605,28,truck,19.99,0 days 00:00:00.050025013,False,0.8274456858634949,581,"[-9.413718064626059, -5.407779375712077]",42.966919821066256,58.46579379984865,1.8940913936704766,3.7063019259763417,[   -0.49194     -0.2826]
111,1970-01-01 00:00:30.715357679,613.3777711693745,961.0752602266277,70.61539967854817,86.14361996120877,20.346902959280744,0.04439580380457884,33,car,19.99,0 days 00:00:00.050025013,True,0.47712039947509766,613,"[-6.35741400718689, -1.1439719647169113]",27.2313991869254,42.66770869445592,3.1350274297107443,3.824415250814026,[   -0.28224   -0.050788]
112,1970-01-01 00:00:30.765382692,613.3777711693745,961.0752602266277,70.61539967854817,86.14361996120877,20.346902959280744,0.04439580380457884,33,car,19.99,0 days 00:00:00.050025013,True,0.5811914205551147,614,"[-6.35741400718689, -1.1439719647169113]",27.2313991869254,42.66770869445592,3.1350274297107443,3.824415250814026,[   -0.28224   -0.050788]
113,1970-01-01 00:00:30.815407705,613.3777711693745,961.0752602266277,70.61539967854817,86.14361996120877,20.346902959280744,0.04439580380457884,33,car,19.99,0 days 00:00:00.050025013,True,0.5620966553688049,615,"[-6.35741400718689, -1.1439719647169113]",27.2313991869254,42.66770869445592,3.1350274297107443,3.824415250814026,[   -0.28224   -0.050788]
114,1970-01-01 00:00:30.865432718,613.3777709757662,961.0752601743937,70.61539967854817,86.14361996120877,20.34690295123347,0.044395803813641,33,car,19.99,0 days 00:00:00.050025013,True,0.40928879380226135,616,"[-6.357414002681135, -1.1439719626180622]",27.231399183888538,42.66770870084637,3.1350274303506724,3.824415251594673,[   -0.28224   -0.050788]
115,1970-01-01 00:00:30.915457731,608.5351443857916,959.7687560830187,70.61539967854817,86.14361996120877,20.14562052931891,0.04462247122098386,33,car,19.99,0 days 00:00:00.050025013,True,0.3808072805404663,617,"[-6.24471378326416, -1.0914744867218866]",27.15434196731224,42.82725369711398,3.1510336399142886,3.843941202590409,[   -0.27865   -0.048704]
116,1970-01-01 00:00:30.965482744,608.5351443857916,959.7687560830187,70.61539967854817,86.14361996120877,20.14562052931891,0.04462247122098386,33,car,19.99,0 days 00:00:00.050025013,True,0.3541632890701294,618,"[-6.24471378326416, -1.0914744867218866]",27.15434196731224,42.82725369711398,3.1510336399142886,3.843941202590409,[   -0.27865   -0.048704]
117,1970-01-01 00:00:31.015507757,608.5351443857916,959.7687560830187,70.61539967854817,86.14361996120877,20.14562052931891,0.04462247122098386,33,car,19.99,0 days 00:00:00.050025013,True,0.4808711111545563,619,"[-6.24471378326416, -1.0914744867218866]",27.15434196731224,42.82725369711398,3.1510336399142886,3.843941202590409,[   -0.27865   -0.048704]
118,1970-01-01 00:00:31.065532770,608.535144117438,959.768756038405,70.61539967854817,86.14361996120877,20.145620519436804,0.044622471231748756,33,car,19.99,0 days 00:00:00.050025013,True,0.4214269518852234,620,"[-6.244713777785404, -1.0914744866790034]",27.15434196188846,42.827253705455014,3.151033640674456,3.843941203517736,[   -0.27865   -0.048704]
119,1970-01-01 00:00:31.115557783,605.1790470108687,959.2108045083056,70.61539967854817,86.14361996120877,20.02203238388683,0.04475709976199411,33,car,19.99,0 days 00:00:00.050025013,True,0.4214269518852234,621,"[-6.176195066964146, -1.0909381786499783]",27.08605898093397,42.93149367016086,3.1605404881458674,3.855538592463128,[   -0.27643   -0.048827]
120,1970-01-01 00:00:31.165582796,601.8229499042993,958.6528529782064,70.61539967854817,86.14361996120877,19.898444248336858,0.04489172829223946,33,car,19.99,0 days 00:00:00.050025013,True,0.4214269518852234,622,"[-6.107676356142888, -1.0904018706209533]",27.016872347137845,43.035583402477826,3.1700473356172783,3.8671359814085196,[   -0.27418    -0.04895]
121,1970-01-01 00:00:31.215607809,598.46685279773,958.0949014481071,70.61539967854817,86.14361996120877,19.774856112786885,0.04502635682248482,33,car,19.99,0 days 00:00:00.050025013,True,0.4214269518852234,623,"[-6.03915764532163, -1.089865562591928]",26.946782060500087,43.13952290240589,3.17955418308869,3.878733370353912,[   -0.27192   -0.049073]
122,1970-01-01 00:00:32.966483242,637.7184780929945,959.9246371685786,65.41774150303432,71.88969039916992,22.667371094215092,0.04354574228672475,36,car,19.99,0 days 00:00:00.050025013,True,0.4567696750164032,658,"[-7.240130066871643, -1.5384392589330673]",27.769924498519863,41.80063086482069,2.8486641124707104,3.1304899311946843,[   -0.31528   -0.066992]
123,1970-01-01 00:00:33.016508255,634.290882672449,959.2725248290484,64.87029443255555,71.4286712512878,22.393317088188358,0.04370980247310069,36,car,19.99,0 days 00:00:00.050025013,True,0.5482355952262878,659,"[-7.1189858102919015, -1.4999237578871432]",27.72472919210143,41.929612578150284,2.8354677560188866,3.1221331113098354,[   -0.31117   -0.065561]
124,1970-01-01 00:00:33.066533268,630.7857265596589,958.5472766193659,64.30947851699597,70.76030493353056,22.266374448012154,0.04388370690188451,36,car,19.99,0 days 00:00:00.050025013,True,0.5494253039360046,660,"[-7.0400762537963555, -1.4424224726808481]",27.68121594223634,42.06460773876387,2.8221383062528895,3.1052244819910277,[   -0.30894   -0.063299]
125,1970-01-01 00:00:33.116558281,627.3594164567775,957.8196753931145,64.0918153750255,71.04567908039768,22.04169442479191,0.04402741608589847,36,car,19.99,0 days 00:00:00.050025013,True,0.5360214710235596,661,"[-6.939926966958891, -1.404914453693644]",27.621014063749,42.17032538379286,2.8217970232168326,3.127957673977881,[   -0.30555   -0.061855]
126,1970-01-01 00:00:33.166583294,623.9833756284944,956.9840116275595,63.88369909146937,71.33427233812286,21.812826802065572,0.04417468925656014,36,car,19.99,0 days 00:00:00.050025013,True,0.48514920473098755,662,"[-6.836628711621296, -1.3727312063766794]",27.56427171964818,42.27447133714377,2.8220425559252527,3.151169313879411,[   -0.30201    -0.06064]
127,1970-01-01 00:00:33.216608307,620.7595569207475,956.1737855593991,63.88369909146937,71.33427233812286,21.609068912560865,0.044311921643792065,36,car,19.99,0 days 00:00:00.050025013,True,0.49561750888824463,663,"[-6.747185262756986, -1.3120861316907122]",27.507048845907246,42.36989786355613,2.830809468456781,3.160958686363824,[   -0.29898   -0.058141]
128,1970-01-01 00:00:33.266633320,617.7595676564899,955.3171138819425,63.88369909146937,71.33427233812286,21.48945196207978,0.0444454080853247,36,car,19.99,0 days 00:00:00.050025013,True,0.3138831555843353,664,"[-6.6775183965294, -1.2926463541059212]",27.456576083106448,42.459458977377544,2.839337076120443,3.1704808445375594,[   -0.29679   -0.057452]
129,1970-01-01 00:00:33.316658333,614.8310528695919,954.4886949468676,63.88369909146937,71.33427233812286,21.272462247225096,0.044564492577209715,36,car,19.99,0 days 00:00:00.050025013,True,0.3322044014930725,665,"[-6.589178708876779, -1.2445316596621379]",27.39963389184496,42.536304360990265,2.8469446339664857,3.1789756501129323,[   -0.29364   -0.055462]
130,1970-01-01 00:00:33.366683346,608.5767316575501,952.6868638316512,63.88369909146937,71.33427233812286,20.899585642599856,0.04480393893649113,36,car,19.99,0 days 00:00:00.050025013,True,0.5441424250602722,666,"[-6.436186617847624, -1.1498546255591968]",27.266634723354223,42.68412407271054,2.8622413531313673,3.196056381916285,[   -0.28837   -0.051518]
131,1970-01-01 00:00:33.416708359,603.2856507498797,950.1280421370963,63.88369909146937,71.33427233812286,20.495225330818627,0.04505350428156478,36,car,19.99,0 days 00:00:00.050025013,True,0.4867990016937256,667,"[-6.265189058653439, -1.066569454317453]",27.180132649066298,42.80659781445843,2.878184510539711,3.213858944207926,[   -0.28227   -0.048053]
132,1970-01-01 00:00:33.466733372,597.2668562736711,947.2808702899075,63.88369909146937,71.33427233812286,20.068907741227026,0.0453045147052191,36,car,19.99,0 days 00:00:00.050025013,True,0.43684467673301697,668,"[-6.096939617646684, -0.9755788254028082]",27.058885072990517,42.916100118021866,2.894219984913266,3.2317645901285914,[   -0.27622   -0.044198]
133,1970-01-01 00:00:33.516758385,594.0785371792198,946.3403682126883,63.88369909146937,71.33427233812286,19.80788468914624,0.045417698663617126,36,car,19.99,0 days 00:00:00.050025013,True,0.4337818920612335,669,"[-6.0000629324091665, -0.9430636512063684]",26.981679984128267,42.98060167670035,2.901450594853547,3.2398384854412625,[   -0.27251   -0.042832]
134,1970-01-01 00:00:33.566783398,590.9148254799399,945.3943477735713,63.88369909146937,71.33427233812286,19.585645436199112,0.045527024029432546,36,car,19.99,0 days 00:00:00.050025013,True,0.4474659264087677,670,"[-5.9158898750843125, -0.910851478169099]",26.90259345897316,43.04099118837709,2.908434703626364,3.247637130859805,[   -0.26933   -0.041468]
135,1970-01-01 00:00:33.616808411,587.8866041069331,944.4618659465901,63.88369895938401,71.3342723699834,19.313118795788935,0.045632009913339114,36,car,19.99,0 days 00:00:00.050025013,True,0.6010953783988953,671,"[-5.81896602173814, -0.8692262202917275]",26.826447346526837,43.09769322964556,2.915141584215383,3.2551262239479146,[   -0.26553   -0.039665]
136,1970-01-01 00:00:33.666833424,584.9550305315396,943.5744970481927,62.93976012028305,71.56196149043775,19.14848691645295,0.04573345016575603,36,car,19.99,0 days 00:00:00.050025013,True,0.3605475127696991,672,"[-5.752244200319299, -0.8553248108588096]",26.752011738022464,43.15291723843183,2.8784523829056035,3.272775399586687,[   -0.26307   -0.039117]
137,1970-01-01 00:00:33.716858437,582.047841665602,942.4619736935293,61.80712693868676,72.05633442494229,18.906534025328167,0.045835313940784723,36,car,19.99,0 days 00:00:00.050025013,True,0.3892306983470917,673,"[-5.665834084493771, -0.8212987535923139]",26.678345551299028,43.19804044149451,2.83294906701264,3.3027247097894037,[    -0.2597   -0.037644]
138,1970-01-01 00:00:33.766883450,579.28981083765,941.173790088969,61.43059738388107,71.61485032182105,18.763236188334304,0.04593237008094506,36,car,19.99,0 days 00:00:00.050025013,False,0.6517595648765564,674,"[-5.61205655888252, -0.7801319795383408]",26.6081539755156,43.23034283685223,2.821652933329961,3.289439808273372,[   -0.25778   -0.035833]
139,1970-01-01 00:01:09.834917459,599.7528935491539,963.8075978971458,64.11553808359,67.95495018592247,40.91125829522169,0.04482576351743271,87,car,19.99,0 days 00:00:00.050025013,True,0.6578884124755859,1395,"[-12.600459337234497, -2.072920635342598]",26.884381375130367,43.20341145964233,2.874027947927956,3.046132526873081,[   -0.56483    -0.09292]
140,1970-01-01 00:01:09.884942472,594.0684036600777,962.5286731484407,64.11553808359,67.95495018592247,40.133798420994246,0.04508893319371193,87,car,19.99,0 days 00:00:00.050025013,True,0.6208630204200745,1396,"[-12.256351252372003, -1.940038394032015]",26.785910565124336,43.399391040622234,2.8909012133298826,3.0640162091150804,[   -0.55263   -0.087474]
141,1970-01-01 00:01:09.934967485,588.6119740545249,961.5974035001732,64.11553808359,67.95495018592247,39.28598899969886,0.045304333266156085,87,car,19.99,0 days 00:00:00.050025013,True,0.6567098498344421,1397,"[-11.92380313873291, -1.8289572894573212]",26.666673037016217,43.56452923604221,2.9047117048778834,3.078653710308067,[    -0.5402    -0.08286]
142,1970-01-01 00:01:09.984992498,588.61197400587,961.5974034884368,64.11553808359,67.95495018592247,39.28598895369244,0.045304333268339776,87,car,19.99,0 days 00:00:00.050025013,True,0.6433398127555847,1398,"[-11.923803124420015, -1.8289572842892112]",26.666673036097286,43.56452923761034,2.9047117050178923,3.0786537104564595,[    -0.5402    -0.08286]
143,1970-01-01 00:01:10.035017511,587.3949936624001,961.3038491545765,64.11553808359,67.95495018592247,38.13525305965619,0.045358952897149106,87,car,19.99,0 days 00:00:00.050025013,True,0.69526207447052,1399,"[-11.565801738524337, -1.6996899048218923]",26.643621849554005,43.60373601365056,2.9082136719089284,3.0823653846113714,[   -0.52461   -0.077096]
144,1970-01-01 00:01:10.085042524,586.0786915838218,960.8754566664894,64.11553808359,67.95495018592247,37.192906012660735,0.04541999205676582,87,car,19.99,0 days 00:00:00.050025013,True,0.4626418352127075,1400,"[-11.265512625376383, -1.6086632708708446]",26.61968951637689,43.64295560933318,2.912127230471924,3.0865132976625156,[   -0.51168   -0.073065]
145,1970-01-01 00:01:10.135067537,586.0786915838218,960.8754566664894,64.11553808359,67.95495018592247,37.192906012660735,0.04541999205676582,87,car,19.99,0 days 00:00:00.050025013,True,0.6162834167480469,1401,"[-11.265512625376383, -1.6086632708708446]",26.61968951637689,43.64295560933318,2.912127230471924,3.0865132976625156,[   -0.51168   -0.073065]
146,1970-01-01 00:01:10.185092550,586.0786907171855,960.875456438436,64.11553808359,67.95495018592247,37.19290594561563,0.045419992091494096,87,car,19.99,0 days 00:00:00.050025013,True,0.6352202296257019,1402,"[-11.265512595250415, -1.6086632583647704]",26.61968949736778,43.642955632344545,2.912127232698546,3.086513300022474,[   -0.51168   -0.073065]
147,1970-01-01 00:01:10.235117563,575.2403178376201,958.0233624444885,64.11553808359,67.95495018592247,36.354422822637325,0.04585431268656876,87,car,19.99,0 days 00:00:00.050025013,True,0.6282606720924377,1403,"[-10.888749612742513, -1.452259126930764]",26.37724940404743,43.92950282256757,2.9399739313525433,3.116027534425493,[    -0.4993   -0.066592]
148,1970-01-01 00:01:10.285142576,564.9377852631048,954.7085544624264,64.11553808359,67.95495018592247,35.374662449180825,0.04621152865559373,87,car,19.99,0 days 00:00:00.050025013,True,0.701292097568512,1404,"[-10.512772814520213, -1.2940500733472462]",26.106638652313624,44.11854172228088,2.96287702541863,3.1403021278062004,[   -0.48581     -0.0598]
149,1970-01-01 00:01:10.335167589,559.3450071920684,953.0998119231535,64.11553808359,67.95495018592247,34.39064552685198,0.046365719513570804,87,car,19.99,0 days 00:00:00.050025013,True,0.701292097568512,1405,"[-10.195597101148778, -1.172015655034712]",25.934433714783687,44.19115854806602,2.9727630552454007,3.1507801598791576,[   -0.47273   -0.054341]
150,1970-01-01 00:01:10.385192602,553.7522291714974,951.4910694028081,64.11553808359,67.95495018592247,33.40662857971947,0.0465199103668674,87,car,19.99,0 days 00:00:00.050025013,False,0.4253748953342438,1406,"[-9.878421381872228, -1.049981237684556]",25.76050406651108,44.263279263493445,2.98264908477208,3.1612581916340527,[   -0.45954   -0.048845]
151,1970-01-01 00:01:13.536768384,565.4609069824219,953.9952697753906,47.90352821350098,95.67726516723633,38.90957048642377,0.046202761691784444,95,truck,19.99,0 days 00:00:00.050025013,False,0.5995522141456604,1469,"[-11.577159404754639, -1.3306626975536346]",26.12585553132913,44.07721610452199,2.213275298244058,4.420553881843489,[    -0.5349    -0.06148]
152,1970-01-01 00:01:13.586793397,565.4609069824219,953.9952697753906,47.90352821350098,95.67726516723633,38.90957048642377,0.046202761691784444,95,truck,19.99,0 days 00:00:00.050025013,False,0.6600161790847778,1470,"[-11.577159404754639, -1.3306626975536346]",26.12585553132913,44.07721610452199,2.213275298244058,4.420553881843489,[    -0.5349    -0.06148]
